src/test/resources/DIMACS/C1000.9.clq,10,3,15051878163
src/test/resources/DIMACS/C1000.9.clq,100,3,157792139720
src/test/resources/DIMACS/C1000.9.clq,1000,3,1574424343438
src/test/resources/DIMACS/C125.9.clq,10,2,10086076814
src/test/resources/DIMACS/C125.9.clq,100,2,110967837086
src/test/resources/DIMACS/C125.9.clq,1000,2,1119987273585
src/test/resources/DIMACS/C2000.5.clq,10,9,20374456535
src/test/resources/DIMACS/C2000.5.clq,100,9,225459551874
src/test/resources/DIMACS/C2000.5.clq,1000,8,2290837370769
src/test/resources/DIMACS/C2000.9.clq,10,3,29259213849
src/test/resources/DIMACS/C2000.9.clq,100,3,327157518667
src/test/resources/DIMACS/C2000.9.clq,1000,3,3278977584674
src/test/resources/DIMACS/C250.9.clq,10,2,10158735187
src/test/resources/DIMACS/C250.9.clq,100,2,111670439472
src/test/resources/DIMACS/C250.9.clq,1000,2,1128416466463
src/test/resources/DIMACS/C4000.5.clq,10,11,69796803668
src/test/resources/DIMACS/C4000.5.clq,100,10,730105166335
src/test/resources/DIMACS/C4000.5.clq,1000,9,7244534415963
src/test/resources/DIMACS/C500.9.clq,10,3,10857233474
src/test/resources/DIMACS/C500.9.clq,100,2,119358843128
src/test/resources/DIMACS/C500.9.clq,1000,2,1202936362787
src/test/resources/DIMACS/DSJC1000.5.clq,10,9,12226985377
src/test/resources/DIMACS/DSJC1000.5.clq,100,8,134642061316
src/test/resources/DIMACS/DSJC1000.5.clq,1000,7,1359246440607
src/test/resources/DIMACS/DSJC500.5.clq,10,8,10460171890
src/test/resources/DIMACS/DSJC500.5.clq,100,7,115080121260
src/test/resources/DIMACS/DSJC500.5.clq,1000,6,1161437967848
src/test/resources/DIMACS/MANN_a27.clq,10,2,10390657186
src/test/resources/DIMACS/MANN_a27.clq,100,2,114298022484
src/test/resources/DIMACS/MANN_a27.clq,1000,2,1153597905098
src/test/resources/DIMACS/MANN_a81.clq,10,2,81257340627
src/test/resources/DIMACS/MANN_a81.clq,100,2,918043171443
src/test/resources/DIMACS/MANN_a81.clq,1000,2,9264966582408
src/test/resources/DIMACS/brock200_2.clq,10,6,10112897823
src/test/resources/DIMACS/brock200_2.clq,100,5,111192798517
src/test/resources/DIMACS/brock200_2.clq,1000,5,1122748259256
src/test/resources/DIMACS/brock200_4.clq,10,5,10125185103
src/test/resources/DIMACS/brock200_4.clq,100,4,111366207345
src/test/resources/DIMACS/brock200_4.clq,1000,3,1123765632664
src/test/resources/DIMACS/brock400_2.clq,10,4,10462193530
src/test/resources/DIMACS/brock400_2.clq,100,3,115206642471
src/test/resources/DIMACS/brock400_2.clq,1000,3,1162633728742
src/test/resources/DIMACS/brock400_4.clq,10,4,10486286327
src/test/resources/DIMACS/brock400_4.clq,100,4,115271006900
src/test/resources/DIMACS/brock400_4.clq,1000,3,1162828980370
src/test/resources/DIMACS/brock800_2.clq,10,6,11909513873
src/test/resources/DIMACS/brock800_2.clq,100,5,130761384896
src/test/resources/DIMACS/brock800_2.clq,1000,5,1319312025854
src/test/resources/DIMACS/brock800_4.clq,10,6,11881238055
src/test/resources/DIMACS/brock800_4.clq,100,5,130770529785
src/test/resources/DIMACS/brock800_4.clq,1000,5,1319812412759
src/test/resources/DIMACS/gen200_p0.9_44.clq,10,2,10129741984
src/test/resources/DIMACS/gen200_p0.9_44.clq,100,2,111493450359
src/test/resources/DIMACS/gen200_p0.9_44.clq,1000,2,1124991717820
src/test/resources/DIMACS/gen200_p0.9_55.clq,10,2,10121805626
src/test/resources/DIMACS/gen200_p0.9_55.clq,100,2,111512650711
src/test/resources/DIMACS/gen200_p0.9_55.clq,1000,2,1125044990370
src/test/resources/DIMACS/gen400_p0.9_55.clq,10,2,10543463439
src/test/resources/DIMACS/gen400_p0.9_55.clq,100,2,116047764461
src/test/resources/DIMACS/gen400_p0.9_55.clq,1000,2,1170889139486
src/test/resources/DIMACS/gen400_p0.9_65.clq,10,2,10541831452
src/test/resources/DIMACS/gen400_p0.9_65.clq,100,2,116075006992
src/test/resources/DIMACS/gen400_p0.9_65.clq,1000,2,1171711401997
src/test/resources/DIMACS/gen400_p0.9_75.clq,10,2,10532081711
src/test/resources/DIMACS/gen400_p0.9_75.clq,100,2,116129047985
src/test/resources/DIMACS/gen400_p0.9_75.clq,1000,2,1173036911429
src/test/resources/DIMACS/hamming10-4.clq,10,14,15476503225
src/test/resources/DIMACS/hamming10-4.clq,100,8,166626322452
src/test/resources/DIMACS/hamming10-4.clq,1000,8,1686037616535
src/test/resources/DIMACS/hamming8-4.clq,10,8,10203754263
src/test/resources/DIMACS/hamming8-4.clq,100,8,112213234298
src/test/resources/DIMACS/hamming8-4.clq,1000,8,1132163069689
src/test/resources/DIMACS/keller4.clq,10,4,10095332777
src/test/resources/DIMACS/keller4.clq,100,4,111035620707
src/test/resources/DIMACS/keller4.clq,1000,4,1120531343739
src/test/resources/DIMACS/keller5.clq,10,12,11792815748
src/test/resources/DIMACS/keller5.clq,100,4,129480128137
src/test/resources/DIMACS/keller5.clq,1000,4,1306512790567
src/test/resources/DIMACS/keller6.clq,10,30,67000860574
src/test/resources/DIMACS/keller6.clq,100,14,738683239915
src/test/resources/DIMACS/keller6.clq,1000,4,7452028870779
src/test/resources/DIMACS/p_hat1500-1.clq,10,37,13002511993
src/test/resources/DIMACS/p_hat1500-1.clq,100,31,140856811501
src/test/resources/DIMACS/p_hat1500-1.clq,1000,25,1419353824393
src/test/resources/DIMACS/p_hat1500-2.clq,10,16,15805014476
src/test/resources/DIMACS/p_hat1500-2.clq,100,16,173889218379
src/test/resources/DIMACS/p_hat1500-2.clq,1000,15,1751666301299
src/test/resources/DIMACS/p_hat1500-3.clq,10,5,18476967814
src/test/resources/DIMACS/p_hat1500-3.clq,100,5,204011274215
src/test/resources/DIMACS/p_hat1500-3.clq,1000,5,2059288139905
src/test/resources/DIMACS/p_hat300-1.clq,10,20,10116014518
src/test/resources/DIMACS/p_hat300-1.clq,100,18,111263628516
src/test/resources/DIMACS/p_hat300-1.clq,1000,16,1122957948788
src/test/resources/DIMACS/p_hat300-2.clq,10,12,10178398190
src/test/resources/DIMACS/p_hat300-2.clq,100,10,111854303347
src/test/resources/DIMACS/p_hat300-2.clq,1000,8,1128577404062
src/test/resources/DIMACS/p_hat300-3.clq,10,4,10218944266
src/test/resources/DIMACS/p_hat300-3.clq,100,4,112524548716
src/test/resources/DIMACS/p_hat300-3.clq,1000,3,1135266968889
src/test/resources/DIMACS/p_hat700-1.clq,10,29,10487245778
src/test/resources/DIMACS/p_hat700-1.clq,100,23,115419125644
src/test/resources/DIMACS/p_hat700-1.clq,1000,19,1164736417340
src/test/resources/DIMACS/p_hat700-2.clq,10,19,10974651327
src/test/resources/DIMACS/p_hat700-2.clq,100,11,120913107231
src/test/resources/DIMACS/p_hat700-2.clq,1000,11,1220225641691
src/test/resources/DIMACS/p_hat700-3.clq,10,5,11477263378
src/test/resources/DIMACS/p_hat700-3.clq,100,4,126111350080
src/test/resources/DIMACS/p_hat700-3.clq,1000,4,1272944138108
2-----------------------
src/test/resources/DIMACS/C1000.9.clq,10,3,15488444492
src/test/resources/DIMACS/C1000.9.clq,100,3,161553771995
src/test/resources/DIMACS/C1000.9.clq,1000,3,1610955623588
src/test/resources/DIMACS/C125.9.clq,10,2,10063259014
src/test/resources/DIMACS/C125.9.clq,100,2,110595249265
src/test/resources/DIMACS/C125.9.clq,1000,2,1117224318288
src/test/resources/DIMACS/C2000.5.clq,10,10,21048972477
src/test/resources/DIMACS/C2000.5.clq,100,9,231553702723
src/test/resources/DIMACS/C2000.5.clq,1000,8,2346987130856
src/test/resources/DIMACS/C2000.9.clq,10,3,30352440771
src/test/resources/DIMACS/C2000.9.clq,100,3,333908756269
src/test/resources/DIMACS/C2000.9.clq,1000,3,3365503435980
src/test/resources/DIMACS/C250.9.clq,10,2,10159264506
src/test/resources/DIMACS/C250.9.clq,100,2,111792530945
src/test/resources/DIMACS/C250.9.clq,1000,2,1128040499121
src/test/resources/DIMACS/C4000.5.clq,10,10,72280756385
src/test/resources/DIMACS/C4000.5.clq,100,10,742193238388
src/test/resources/DIMACS/C4000.5.clq,1000,9,7194435557115
src/test/resources/DIMACS/C500.9.clq,10,3,10895042264
src/test/resources/DIMACS/C500.9.clq,100,3,120198282600
src/test/resources/DIMACS/C500.9.clq,1000,2,1210994138301
src/test/resources/DIMACS/DSJC1000.5.clq,10,8,12463422766
src/test/resources/DIMACS/DSJC1000.5.clq,100,7,136546782333
src/test/resources/DIMACS/DSJC1000.5.clq,1000,7,1380561176811
src/test/resources/DIMACS/DSJC500.5.clq,10,8,10509111202
src/test/resources/DIMACS/DSJC500.5.clq,100,7,115717661468
src/test/resources/DIMACS/DSJC500.5.clq,1000,7,1167734729050
src/test/resources/DIMACS/MANN_a27.clq,10,2,10440781200
src/test/resources/DIMACS/MANN_a27.clq,100,2,114800091931
src/test/resources/DIMACS/MANN_a27.clq,1000,2,1158215773249
src/test/resources/DIMACS/MANN_a81.clq,10,2,89263685505
src/test/resources/DIMACS/MANN_a81.clq,100,2,970392947752
src/test/resources/DIMACS/MANN_a81.clq,1000,2,9570916836609
src/test/resources/DIMACS/brock200_2.clq,10,5,10111541301
src/test/resources/DIMACS/brock200_2.clq,100,5,111542987249
src/test/resources/DIMACS/brock200_2.clq,1000,5,1122807767131
src/test/resources/DIMACS/brock200_4.clq,10,4,10149680708
src/test/resources/DIMACS/brock200_4.clq,100,4,111399706491
src/test/resources/DIMACS/brock200_4.clq,1000,4,1123779729474
src/test/resources/DIMACS/brock400_2.clq,10,4,10518597238
src/test/resources/DIMACS/brock400_2.clq,100,4,115623356128
src/test/resources/DIMACS/brock400_2.clq,1000,3,1166477494792
src/test/resources/DIMACS/brock400_4.clq,10,4,10498337938
src/test/resources/DIMACS/brock400_4.clq,100,4,115616661749
src/test/resources/DIMACS/brock400_4.clq,1000,3,1166463622027
src/test/resources/DIMACS/brock800_2.clq,10,6,12038705611
src/test/resources/DIMACS/brock800_2.clq,100,5,132634564012
src/test/resources/DIMACS/brock800_2.clq,1000,5,1338416493246
src/test/resources/DIMACS/brock800_4.clq,10,6,12040222433
src/test/resources/DIMACS/brock800_4.clq,100,5,132620211142
src/test/resources/DIMACS/brock800_4.clq,1000,5,1338234328989
src/test/resources/DIMACS/gen200_p0.9_44.clq,10,2,10129190013
src/test/resources/DIMACS/gen200_p0.9_44.clq,100,2,111476527584
src/test/resources/DIMACS/gen200_p0.9_44.clq,1000,2,1125275383304
src/test/resources/DIMACS/gen200_p0.9_55.clq,10,2,10130055169
src/test/resources/DIMACS/gen200_p0.9_55.clq,100,2,111561684257
src/test/resources/DIMACS/gen200_p0.9_55.clq,1000,2,1125543753717
src/test/resources/DIMACS/gen400_p0.9_55.clq,10,2,10612860858
src/test/resources/DIMACS/gen400_p0.9_55.clq,100,2,116794866807
src/test/resources/DIMACS/gen400_p0.9_55.clq,1000,2,1178964803059
src/test/resources/DIMACS/gen400_p0.9_65.clq,10,3,10699745218
src/test/resources/DIMACS/gen400_p0.9_65.clq,100,2,116920279956
src/test/resources/DIMACS/gen400_p0.9_65.clq,1000,2,1172997579170
src/test/resources/DIMACS/gen400_p0.9_75.clq,10,3,10558490603
src/test/resources/DIMACS/gen400_p0.9_75.clq,100,2,116111869436
src/test/resources/DIMACS/gen400_p0.9_75.clq,1000,2,1171183127727
src/test/resources/DIMACS/hamming10-4.clq,10,8,15369187559
src/test/resources/DIMACS/hamming10-4.clq,100,8,165442370668
src/test/resources/DIMACS/hamming10-4.clq,1000,8,1679952684262
src/test/resources/DIMACS/hamming8-4.clq,10,8,10207883039
src/test/resources/DIMACS/hamming8-4.clq,100,8,112130349490
src/test/resources/DIMACS/hamming8-4.clq,1000,8,1131465689449
src/test/resources/DIMACS/keller4.clq,10,8,10090789324
src/test/resources/DIMACS/keller4.clq,100,4,111007952490
src/test/resources/DIMACS/keller4.clq,1000,4,1120044640760
src/test/resources/DIMACS/keller5.clq,10,18,11727950898
src/test/resources/DIMACS/keller5.clq,100,4,128996161413
src/test/resources/DIMACS/keller5.clq,1000,4,1301872268267
src/test/resources/DIMACS/keller6.clq,10,34,67641570097
src/test/resources/DIMACS/keller6.clq,100,4,697925670053
src/test/resources/DIMACS/keller6.clq,1000,4,7260217678705
src/test/resources/DIMACS/p_hat1500-1.clq,10,29,12920027016
src/test/resources/DIMACS/p_hat1500-1.clq,100,29,140300288952
src/test/resources/DIMACS/p_hat1500-1.clq,1000,25,1412674118914
src/test/resources/DIMACS/p_hat1500-2.clq,10,22,15749420884
src/test/resources/DIMACS/p_hat1500-2.clq,100,19,172468132365
src/test/resources/DIMACS/p_hat1500-2.clq,1000,15,1741162856083
src/test/resources/DIMACS/p_hat1500-3.clq,10,5,18471522531
src/test/resources/DIMACS/p_hat1500-3.clq,100,4,202619822149
src/test/resources/DIMACS/p_hat1500-3.clq,1000,4,2045926216189
src/test/resources/DIMACS/p_hat300-1.clq,10,18,10109742931
src/test/resources/DIMACS/p_hat300-1.clq,100,18,111179652156
src/test/resources/DIMACS/p_hat300-1.clq,1000,15,1122371302105
src/test/resources/DIMACS/p_hat300-2.clq,10,10,10159845222
src/test/resources/DIMACS/p_hat300-2.clq,100,8,111784481831
src/test/resources/DIMACS/p_hat300-2.clq,1000,8,1128308882456
src/test/resources/DIMACS/p_hat300-3.clq,10,4,10218342047
src/test/resources/DIMACS/p_hat300-3.clq,100,4,112334148065
src/test/resources/DIMACS/p_hat300-3.clq,1000,3,1133944524759
src/test/resources/DIMACS/p_hat700-1.clq,10,28,10486502195
src/test/resources/DIMACS/p_hat700-1.clq,100,24,115329195503
src/test/resources/DIMACS/p_hat700-1.clq,1000,22,1163239296714
src/test/resources/DIMACS/p_hat700-2.clq,10,16,10978542397
src/test/resources/DIMACS/p_hat700-2.clq,100,13,120676750925
src/test/resources/DIMACS/p_hat700-2.clq,1000,11,1217393564250
src/test/resources/DIMACS/p_hat700-3.clq,10,5,11443652230
src/test/resources/DIMACS/p_hat700-3.clq,100,4,125827473606
src/test/resources/DIMACS/p_hat700-3.clq,1000,3,1268744092044
3-----------------------
src/test/resources/DIMACS/C1000.9.clq,10,3,14154017976
src/test/resources/DIMACS/C1000.9.clq,100,3,155690775170
src/test/resources/DIMACS/C1000.9.clq,1000,3,1579323661748
src/test/resources/DIMACS/C125.9.clq,10,2,10044518066
src/test/resources/DIMACS/C125.9.clq,100,2,110561341865
src/test/resources/DIMACS/C125.9.clq,1000,2,1115711416812
src/test/resources/DIMACS/C2000.5.clq,10,10,20662544478
src/test/resources/DIMACS/C2000.5.clq,100,9,233581011863
src/test/resources/DIMACS/C2000.5.clq,1000,8,2364062739626
src/test/resources/DIMACS/C2000.9.clq,10,3,30680640964
src/test/resources/DIMACS/C2000.9.clq,100,3,336723779525
src/test/resources/DIMACS/C2000.9.clq,1000,3,3395741938631
src/test/resources/DIMACS/C250.9.clq,10,2,10178088931
src/test/resources/DIMACS/C250.9.clq,100,2,112037451717
src/test/resources/DIMACS/C250.9.clq,1000,2,1130347364123
src/test/resources/DIMACS/C4000.5.clq,10,10,65684567629
src/test/resources/DIMACS/C4000.5.clq,100,10,764962975093
src/test/resources/DIMACS/C4000.5.clq,1000,10,7629725658772
src/test/resources/DIMACS/C500.9.clq,10,3,10993773601
src/test/resources/DIMACS/C500.9.clq,100,3,121211017872
src/test/resources/DIMACS/C500.9.clq,1000,2,1220742996556
src/test/resources/DIMACS/DSJC1000.5.clq,10,9,12591162905
src/test/resources/DIMACS/DSJC1000.5.clq,100,8,138606839998
src/test/resources/DIMACS/DSJC1000.5.clq,1000,8,1397557028498
src/test/resources/DIMACS/DSJC500.5.clq,10,7,10530922310
src/test/resources/DIMACS/DSJC500.5.clq,100,6,115761982103
src/test/resources/DIMACS/DSJC500.5.clq,1000,6,1170746134909
src/test/resources/DIMACS/MANN_a27.clq,10,2,10464817891
src/test/resources/DIMACS/MANN_a27.clq,100,2,115151980968
src/test/resources/DIMACS/MANN_a27.clq,1000,2,1162379660236
src/test/resources/DIMACS/MANN_a81.clq,10,2,92850882337
src/test/resources/DIMACS/MANN_a81.clq,100,2,1014562209833
src/test/resources/DIMACS/MANN_a81.clq,1000,2,10084298828209
src/test/resources/DIMACS/brock200_2.clq,10,6,10128791966
src/test/resources/DIMACS/brock200_2.clq,100,5,111384922022
src/test/resources/DIMACS/brock200_2.clq,1000,5,1124366552027
src/test/resources/DIMACS/brock200_4.clq,10,4,10134353949
src/test/resources/DIMACS/brock200_4.clq,100,4,111541125678
src/test/resources/DIMACS/brock200_4.clq,1000,4,1125342952279
src/test/resources/DIMACS/brock400_2.clq,10,4,10571257411
src/test/resources/DIMACS/brock400_2.clq,100,4,116388634610
src/test/resources/DIMACS/brock400_2.clq,1000,3,1174675436387
src/test/resources/DIMACS/brock400_4.clq,10,4,10576603629
src/test/resources/DIMACS/brock400_4.clq,100,4,116388783293
src/test/resources/DIMACS/brock400_4.clq,1000,3,1174707478977
src/test/resources/DIMACS/brock800_2.clq,10,6,12353288118
src/test/resources/DIMACS/brock800_2.clq,100,5,135834071379
src/test/resources/DIMACS/brock800_2.clq,1000,5,1369610398338
src/test/resources/DIMACS/brock800_4.clq,10,5,12371916998
src/test/resources/DIMACS/brock800_4.clq,100,5,135745690793
src/test/resources/DIMACS/brock800_4.clq,1000,5,1369944744904
src/test/resources/DIMACS/gen200_p0.9_44.clq,10,2,10159233904
src/test/resources/DIMACS/gen200_p0.9_44.clq,100,2,111726279152
src/test/resources/DIMACS/gen200_p0.9_44.clq,1000,2,1126917052249
src/test/resources/DIMACS/gen200_p0.9_55.clq,10,3,10163649490
src/test/resources/DIMACS/gen200_p0.9_55.clq,100,2,111691990156
src/test/resources/DIMACS/gen200_p0.9_55.clq,1000,2,1127095525657
src/test/resources/DIMACS/gen400_p0.9_55.clq,10,3,10679740007
src/test/resources/DIMACS/gen400_p0.9_55.clq,100,2,117523539753
src/test/resources/DIMACS/gen400_p0.9_55.clq,1000,2,1185880562497
src/test/resources/DIMACS/gen400_p0.9_65.clq,10,2,10703147665
src/test/resources/DIMACS/gen400_p0.9_65.clq,100,2,117599361387
src/test/resources/DIMACS/gen400_p0.9_65.clq,1000,2,1186669964007
src/test/resources/DIMACS/gen400_p0.9_75.clq,10,3,10684870502
src/test/resources/DIMACS/gen400_p0.9_75.clq,100,2,117595618431
src/test/resources/DIMACS/gen400_p0.9_75.clq,1000,2,1187114101011
src/test/resources/DIMACS/hamming10-4.clq,10,8,16400054801
src/test/resources/DIMACS/hamming10-4.clq,100,8,172260564993
src/test/resources/DIMACS/hamming10-4.clq,1000,8,1744947118428
src/test/resources/DIMACS/hamming8-4.clq,10,12,10248510960
src/test/resources/DIMACS/hamming8-4.clq,100,8,112692104951
src/test/resources/DIMACS/hamming8-4.clq,1000,8,1137372113226
src/test/resources/DIMACS/keller4.clq,10,7,10102921249
src/test/resources/DIMACS/keller4.clq,100,4,111098908658
src/test/resources/DIMACS/keller4.clq,1000,4,1121252180465
src/test/resources/DIMACS/keller5.clq,10,14,12018588700
src/test/resources/DIMACS/keller5.clq,100,8,132282267299
src/test/resources/DIMACS/keller5.clq,1000,4,1335198168551
src/test/resources/DIMACS/keller6.clq,10,34,69613519204
src/test/resources/DIMACS/keller6.clq,100,18,771553517115
src/test/resources/DIMACS/keller6.clq,1000,13,8155540047972
src/test/resources/DIMACS/p_hat1500-1.clq,10,33,13392192824
src/test/resources/DIMACS/p_hat1500-1.clq,100,29,145097614418
src/test/resources/DIMACS/p_hat1500-1.clq,1000,26,1461691917515
src/test/resources/DIMACS/p_hat1500-2.clq,10,20,16498972027
src/test/resources/DIMACS/p_hat1500-2.clq,100,18,180752903848
src/test/resources/DIMACS/p_hat1500-2.clq,1000,15,1823766350802
src/test/resources/DIMACS/p_hat1500-3.clq,10,5,19430822039
src/test/resources/DIMACS/p_hat1500-3.clq,100,5,213351978317
src/test/resources/DIMACS/p_hat1500-3.clq,1000,5,2154094057453
src/test/resources/DIMACS/p_hat300-1.clq,10,22,10127260025
src/test/resources/DIMACS/p_hat300-1.clq,100,17,111431726789
src/test/resources/DIMACS/p_hat300-1.clq,1000,15,1124391655153
src/test/resources/DIMACS/p_hat300-2.clq,10,11,10207026182
src/test/resources/DIMACS/p_hat300-2.clq,100,9,112175240686
src/test/resources/DIMACS/p_hat300-2.clq,1000,8,1132327047691
src/test/resources/DIMACS/p_hat300-3.clq,10,4,10284486907
src/test/resources/DIMACS/p_hat300-3.clq,100,4,113130499778
src/test/resources/DIMACS/p_hat300-3.clq,1000,3,1141601663895
src/test/resources/DIMACS/p_hat700-1.clq,10,28,10591554220
src/test/resources/DIMACS/p_hat700-1.clq,100,25,116519738233
src/test/resources/DIMACS/p_hat700-1.clq,1000,20,1176079516845
src/test/resources/DIMACS/p_hat700-2.clq,10,20,11179695090
src/test/resources/DIMACS/p_hat700-2.clq,100,14,123000676840
src/test/resources/DIMACS/p_hat700-2.clq,1000,12,1240625968886
src/test/resources/DIMACS/p_hat700-3.clq,10,5,11731369893
src/test/resources/DIMACS/p_hat700-3.clq,100,4,129086122829
src/test/resources/DIMACS/p_hat700-3.clq,1000,4,1302135705639
4-----------------------
src/test/resources/DIMACS/C1000.9.clq,10,3,15617633278
src/test/resources/DIMACS/C1000.9.clq,100,3,162819523935
src/test/resources/DIMACS/C1000.9.clq,1000,3,1625466224044
src/test/resources/DIMACS/C125.9.clq,10,2,10051615710
src/test/resources/DIMACS/C125.9.clq,100,2,110885159221
src/test/resources/DIMACS/C125.9.clq,1000,2,1118734689417
src/test/resources/DIMACS/C2000.5.clq,10,9,21314336961
src/test/resources/DIMACS/C2000.5.clq,100,9,240429855563
src/test/resources/DIMACS/C2000.5.clq,1000,8,2433580240788
src/test/resources/DIMACS/C2000.9.clq,10,3,31542817051
src/test/resources/DIMACS/C2000.9.clq,100,3,347188947784
src/test/resources/DIMACS/C2000.9.clq,1000,3,3470203625057
src/test/resources/DIMACS/C250.9.clq,10,3,10181995598
src/test/resources/DIMACS/C250.9.clq,100,2,112087476940
src/test/resources/DIMACS/C250.9.clq,1000,2,1133602344139
src/test/resources/DIMACS/C4000.5.clq,10,11,70926327413
src/test/resources/DIMACS/C4000.5.clq,100,10,791234751945
src/test/resources/DIMACS/C4000.5.clq,1000,9,8214276077988
src/test/resources/DIMACS/C500.9.clq,10,3,11077714889
src/test/resources/DIMACS/C500.9.clq,100,2,122049248648
src/test/resources/DIMACS/C500.9.clq,1000,2,1229293007427
src/test/resources/DIMACS/DSJC1000.5.clq,10,8,12810803538
src/test/resources/DIMACS/DSJC1000.5.clq,100,8,140780958858
src/test/resources/DIMACS/DSJC1000.5.clq,1000,7,1421444925300
src/test/resources/DIMACS/DSJC500.5.clq,10,8,10627121851
src/test/resources/DIMACS/DSJC500.5.clq,100,7,116872027192
src/test/resources/DIMACS/DSJC500.5.clq,1000,6,1179230260349
src/test/resources/DIMACS/MANN_a27.clq,10,2,10527671020
src/test/resources/DIMACS/MANN_a27.clq,100,2,115636139876
src/test/resources/DIMACS/MANN_a27.clq,1000,2,1167085030007
src/test/resources/DIMACS/MANN_a81.clq,10,2,101930205519
src/test/resources/DIMACS/MANN_a81.clq,100,2,1137115844198
src/test/resources/DIMACS/MANN_a81.clq,1000,2,11456283891955
src/test/resources/DIMACS/brock200_2.clq,10,6,10126549229
src/test/resources/DIMACS/brock200_2.clq,100,6,111915307107
src/test/resources/DIMACS/brock200_2.clq,1000,5,1125452134991
src/test/resources/DIMACS/brock200_4.clq,10,4,10161363934
src/test/resources/DIMACS/brock200_4.clq,100,4,111643709711
src/test/resources/DIMACS/brock200_4.clq,1000,4,1126539950613
src/test/resources/DIMACS/brock400_2.clq,10,4,10668128548
src/test/resources/DIMACS/brock400_2.clq,100,4,117263430661
src/test/resources/DIMACS/brock400_2.clq,1000,4,1183309599757
src/test/resources/DIMACS/brock400_4.clq,10,4,10647916639
src/test/resources/DIMACS/brock400_4.clq,100,4,117278011943
src/test/resources/DIMACS/brock400_4.clq,1000,3,1182942556557
src/test/resources/DIMACS/brock800_2.clq,10,6,12591251999
src/test/resources/DIMACS/brock800_2.clq,100,5,138555986544
src/test/resources/DIMACS/brock800_2.clq,1000,5,1398969373670
src/test/resources/DIMACS/brock800_4.clq,10,6,12594372698
src/test/resources/DIMACS/brock800_4.clq,100,5,138661876682
src/test/resources/DIMACS/brock800_4.clq,1000,5,1398777873998
src/test/resources/DIMACS/gen200_p0.9_44.clq,10,3,10161956878
src/test/resources/DIMACS/gen200_p0.9_44.clq,100,2,111814160020
src/test/resources/DIMACS/gen200_p0.9_44.clq,1000,2,1128360693211
src/test/resources/DIMACS/gen200_p0.9_55.clq,10,2,10175929348
src/test/resources/DIMACS/gen200_p0.9_55.clq,100,2,111819784881
src/test/resources/DIMACS/gen200_p0.9_55.clq,1000,2,1128401131524
src/test/resources/DIMACS/gen400_p0.9_55.clq,10,3,10764660503
src/test/resources/DIMACS/gen400_p0.9_55.clq,100,2,118393265656
src/test/resources/DIMACS/gen400_p0.9_55.clq,1000,2,1194907516611
src/test/resources/DIMACS/gen400_p0.9_65.clq,10,3,10776820184
src/test/resources/DIMACS/gen400_p0.9_65.clq,100,2,118551518234
src/test/resources/DIMACS/gen400_p0.9_65.clq,1000,2,1195371912259
src/test/resources/DIMACS/gen400_p0.9_75.clq,10,2,10799062420
src/test/resources/DIMACS/gen400_p0.9_75.clq,100,2,118505987160
src/test/resources/DIMACS/gen400_p0.9_75.clq,1000,2,1195925930110
src/test/resources/DIMACS/hamming10-4.clq,10,8,16228269473
src/test/resources/DIMACS/hamming10-4.clq,100,8,175402110309
src/test/resources/DIMACS/hamming10-4.clq,1000,8,1776922034657
src/test/resources/DIMACS/hamming8-4.clq,10,8,10291479900
src/test/resources/DIMACS/hamming8-4.clq,100,8,112987121471
src/test/resources/DIMACS/hamming8-4.clq,1000,8,1139965798307
src/test/resources/DIMACS/keller4.clq,10,8,10108016724
src/test/resources/DIMACS/keller4.clq,100,7,111196733217
src/test/resources/DIMACS/keller4.clq,1000,4,1121931819868
src/test/resources/DIMACS/keller5.clq,10,11,12170351906
src/test/resources/DIMACS/keller5.clq,100,8,133927334995
src/test/resources/DIMACS/keller5.clq,1000,4,1351822351094
src/test/resources/DIMACS/keller6.clq,10,20,83330945636
src/test/resources/DIMACS/keller6.clq,100,4,894533695955
src/test/resources/DIMACS/keller6.clq,1000,4,9066175363578
src/test/resources/DIMACS/p_hat1500-1.clq,10,34,13620933305
src/test/resources/DIMACS/p_hat1500-1.clq,100,29,147468060100
src/test/resources/DIMACS/p_hat1500-1.clq,1000,27,1485289460741
src/test/resources/DIMACS/p_hat1500-2.clq,10,18,16807486382
src/test/resources/DIMACS/p_hat1500-2.clq,100,15,184961658829
src/test/resources/DIMACS/p_hat1500-2.clq,1000,13,1864154456975
src/test/resources/DIMACS/p_hat1500-3.clq,10,4,20057830573
src/test/resources/DIMACS/p_hat1500-3.clq,100,4,218894065145
src/test/resources/DIMACS/p_hat1500-3.clq,1000,4,2206346619424
src/test/resources/DIMACS/p_hat300-1.clq,10,19,10132236168
src/test/resources/DIMACS/p_hat300-1.clq,100,18,111566409241
src/test/resources/DIMACS/p_hat300-1.clq,1000,16,1125796872624
src/test/resources/DIMACS/p_hat300-2.clq,10,11,10204111412
src/test/resources/DIMACS/p_hat300-2.clq,100,9,112430041742
src/test/resources/DIMACS/p_hat300-2.clq,1000,7,1134343117252
src/test/resources/DIMACS/p_hat300-3.clq,10,4,10309195182
src/test/resources/DIMACS/p_hat300-3.clq,100,4,113485135640
src/test/resources/DIMACS/p_hat300-3.clq,1000,3,1145326548244
src/test/resources/DIMACS/p_hat700-1.clq,10,31,10657592383
src/test/resources/DIMACS/p_hat700-1.clq,100,22,117131787899
src/test/resources/DIMACS/p_hat700-1.clq,1000,20,1182519073543
src/test/resources/DIMACS/p_hat700-2.clq,10,17,11276685612
src/test/resources/DIMACS/p_hat700-2.clq,100,14,124097639926
src/test/resources/DIMACS/p_hat700-2.clq,1000,12,1252686172619
src/test/resources/DIMACS/p_hat700-3.clq,10,5,11863015237
src/test/resources/DIMACS/p_hat700-3.clq,100,4,130507951352
src/test/resources/DIMACS/p_hat700-3.clq,1000,4,1316818545170
5-----------------------
src/test/resources/DIMACS/C1000.9.clq,10,3,15026754179
src/test/resources/DIMACS/C1000.9.clq,100,3,164994782335
src/test/resources/DIMACS/C1000.9.clq,1000,3,1662910558149
src/test/resources/DIMACS/C125.9.clq,10,2,10094997786
src/test/resources/DIMACS/C125.9.clq,100,2,111085360633
src/test/resources/DIMACS/C125.9.clq,1000,2,1120734679351
src/test/resources/DIMACS/C2000.5.clq,10,10,22687645843
src/test/resources/DIMACS/C2000.5.clq,100,9,249608947734
src/test/resources/DIMACS/C2000.5.clq,1000,8,2511230461623
src/test/resources/DIMACS/C2000.9.clq,10,3,31920063030
src/test/resources/DIMACS/C2000.9.clq,100,3,351407161114
src/test/resources/DIMACS/C2000.9.clq,1000,3,3569118113941
src/test/resources/DIMACS/C250.9.clq,10,3,10208459982
src/test/resources/DIMACS/C250.9.clq,100,2,112246095590
src/test/resources/DIMACS/C250.9.clq,1000,2,1133872577315
src/test/resources/DIMACS/C4000.5.clq,10,10,69902402632
src/test/resources/DIMACS/C4000.5.clq,100,10,867263866612
src/test/resources/DIMACS/C4000.5.clq,1000,10,8334867114776
src/test/resources/DIMACS/C500.9.clq,10,3,11038524112
src/test/resources/DIMACS/C500.9.clq,100,2,121682526858
src/test/resources/DIMACS/C500.9.clq,1000,2,1226911156620
src/test/resources/DIMACS/DSJC1000.5.clq,10,9,12821333100
src/test/resources/DIMACS/DSJC1000.5.clq,100,8,140685588666
src/test/resources/DIMACS/DSJC1000.5.clq,1000,7,1419158034048
src/test/resources/DIMACS/DSJC500.5.clq,10,8,10621550168
src/test/resources/DIMACS/DSJC500.5.clq,100,7,116787929304
src/test/resources/DIMACS/DSJC500.5.clq,1000,6,1178555895711
src/test/resources/DIMACS/MANN_a27.clq,10,2,10496201104
src/test/resources/DIMACS/MANN_a27.clq,100,2,115647469664
src/test/resources/DIMACS/MANN_a27.clq,1000,2,1166641728275
src/test/resources/DIMACS/MANN_a81.clq,10,2,104594072485
src/test/resources/DIMACS/MANN_a81.clq,100,2,1142812548427
src/test/resources/DIMACS/MANN_a81.clq,1000,2,11468715154709
src/test/resources/DIMACS/brock200_2.clq,10,6,10120288835
src/test/resources/DIMACS/brock200_2.clq,100,5,111901498852
src/test/resources/DIMACS/brock200_2.clq,1000,5,1124733821096
src/test/resources/DIMACS/brock200_4.clq,10,5,10137829758
src/test/resources/DIMACS/brock200_4.clq,100,4,111571633363
src/test/resources/DIMACS/brock200_4.clq,1000,4,1125880185643
src/test/resources/DIMACS/brock400_2.clq,10,4,10682161477
src/test/resources/DIMACS/brock400_2.clq,100,4,117288325465
src/test/resources/DIMACS/brock400_2.clq,1000,4,1183069662006
src/test/resources/DIMACS/brock400_4.clq,10,4,10685465712
src/test/resources/DIMACS/brock400_4.clq,100,3,117211730580
src/test/resources/DIMACS/brock400_4.clq,1000,3,1182856333777
src/test/resources/DIMACS/brock800_2.clq,10,5,12613590463
src/test/resources/DIMACS/brock800_2.clq,100,5,138877004439
src/test/resources/DIMACS/brock800_2.clq,1000,5,1400733173239
src/test/resources/DIMACS/brock800_4.clq,10,5,12656517753
src/test/resources/DIMACS/brock800_4.clq,100,5,138826616697
src/test/resources/DIMACS/brock800_4.clq,1000,5,1400893321705
src/test/resources/DIMACS/gen200_p0.9_44.clq,10,2,10181571754
src/test/resources/DIMACS/gen200_p0.9_44.clq,100,2,111824829618
src/test/resources/DIMACS/gen200_p0.9_44.clq,1000,2,1128372053560
src/test/resources/DIMACS/gen200_p0.9_55.clq,10,2,10156497382
src/test/resources/DIMACS/gen200_p0.9_55.clq,100,2,111805683728
src/test/resources/DIMACS/gen200_p0.9_55.clq,1000,2,1128350901519
src/test/resources/DIMACS/gen400_p0.9_55.clq,10,3,10779262225
src/test/resources/DIMACS/gen400_p0.9_55.clq,100,2,118509531552
src/test/resources/DIMACS/gen400_p0.9_55.clq,1000,2,1196042270627
src/test/resources/DIMACS/gen400_p0.9_65.clq,10,2,10775340269
src/test/resources/DIMACS/gen400_p0.9_65.clq,100,2,118594674659
src/test/resources/DIMACS/gen400_p0.9_65.clq,1000,2,1196571533767
src/test/resources/DIMACS/gen400_p0.9_75.clq,10,3,10754656654
src/test/resources/DIMACS/gen400_p0.9_75.clq,100,2,118564881830
src/test/resources/DIMACS/gen400_p0.9_75.clq,1000,2,1196581495934
src/test/resources/DIMACS/hamming10-4.clq,10,14,16301857202
src/test/resources/DIMACS/hamming10-4.clq,100,8,176032028244
src/test/resources/DIMACS/hamming10-4.clq,1000,8,1779656850364
src/test/resources/DIMACS/hamming8-4.clq,10,8,10252211681
src/test/resources/DIMACS/hamming8-4.clq,100,8,112899028124
src/test/resources/DIMACS/hamming8-4.clq,1000,8,1139475895919
src/test/resources/DIMACS/keller4.clq,10,6,10115520921
src/test/resources/DIMACS/keller4.clq,100,4,111111292515
src/test/resources/DIMACS/keller4.clq,1000,4,1121308566996
src/test/resources/DIMACS/keller5.clq,10,14,12181165376
src/test/resources/DIMACS/keller5.clq,100,8,133991893543
src/test/resources/DIMACS/keller5.clq,1000,4,1353254874453
src/test/resources/DIMACS/keller6.clq,10,18,80977028452
src/test/resources/DIMACS/keller6.clq,100,14,894349640098
src/test/resources/DIMACS/keller6.clq,1000,11,9122957088782
src/test/resources/DIMACS/p_hat1500-1.clq,10,33,13727576300
src/test/resources/DIMACS/p_hat1500-1.clq,100,26,147669686994
src/test/resources/DIMACS/p_hat1500-1.clq,1000,26,1486499082163
src/test/resources/DIMACS/p_hat1500-2.clq,10,21,16837293028
src/test/resources/DIMACS/p_hat1500-2.clq,100,16,185351304831
src/test/resources/DIMACS/p_hat1500-2.clq,1000,15,1869151194983
src/test/resources/DIMACS/p_hat1500-3.clq,10,5,19857621461
src/test/resources/DIMACS/p_hat1500-3.clq,100,5,219435358252
src/test/resources/DIMACS/p_hat1500-3.clq,1000,4,2214413304885
src/test/resources/DIMACS/p_hat300-1.clq,10,22,10146449083
src/test/resources/DIMACS/p_hat300-1.clq,100,19,111478662668
src/test/resources/DIMACS/p_hat300-1.clq,1000,15,1125279202772
src/test/resources/DIMACS/p_hat300-2.clq,10,11,10232544340
src/test/resources/DIMACS/p_hat300-2.clq,100,9,112408983915
src/test/resources/DIMACS/p_hat300-2.clq,1000,8,1134166178661
src/test/resources/DIMACS/p_hat300-3.clq,10,5,10307498913
src/test/resources/DIMACS/p_hat300-3.clq,100,4,113609863804
src/test/resources/DIMACS/p_hat300-3.clq,1000,3,1145382278208
src/test/resources/DIMACS/p_hat700-1.clq,10,29,10647501749
src/test/resources/DIMACS/p_hat700-1.clq,100,22,117250691647
src/test/resources/DIMACS/p_hat700-1.clq,1000,22,1182378260483
src/test/resources/DIMACS/p_hat700-2.clq,10,14,11296484686
src/test/resources/DIMACS/p_hat700-2.clq,100,12,124114186161
src/test/resources/DIMACS/p_hat700-2.clq,1000,11,1251898882295
src/test/resources/DIMACS/p_hat700-3.clq,10,5,11853544611
src/test/resources/DIMACS/p_hat700-3.clq,100,4,130389597158
src/test/resources/DIMACS/p_hat700-3.clq,1000,3,1315311647529
6-----------------------
src/test/resources/DIMACS/C1000.9.clq,10,3,15032204032
src/test/resources/DIMACS/C1000.9.clq,100,3,164849930981
src/test/resources/DIMACS/C1000.9.clq,1000,3,1660321695769
src/test/resources/DIMACS/C125.9.clq,10,2,10091025123
src/test/resources/DIMACS/C125.9.clq,100,2,110984714999
src/test/resources/DIMACS/C125.9.clq,1000,2,1119758892483
src/test/resources/DIMACS/C2000.5.clq,10,10,23412123161
src/test/resources/DIMACS/C2000.5.clq,100,9,249474484712
src/test/resources/DIMACS/C2000.5.clq,1000,8,2514320047801
src/test/resources/DIMACS/C2000.9.clq,10,4,31492079247
src/test/resources/DIMACS/C2000.9.clq,100,3,354712924149
src/test/resources/DIMACS/C2000.9.clq,1000,3,3574014446311
src/test/resources/DIMACS/C250.9.clq,10,2,10241324194
src/test/resources/DIMACS/C250.9.clq,100,2,112562114445
src/test/resources/DIMACS/C250.9.clq,1000,2,1136054947323
src/test/resources/DIMACS/C4000.5.clq,10,11,71699780440
src/test/resources/DIMACS/C4000.5.clq,100,10,829826773125
src/test/resources/DIMACS/C4000.5.clq,1000,9,8297208347918
src/test/resources/DIMACS/C500.9.clq,10,3,11662628587
src/test/resources/DIMACS/C500.9.clq,100,2,122536862514
src/test/resources/DIMACS/C500.9.clq,1000,2,1229166730215
src/test/resources/DIMACS/DSJC1000.5.clq,10,8,12788490537
src/test/resources/DIMACS/DSJC1000.5.clq,100,8,140783037253
src/test/resources/DIMACS/DSJC1000.5.clq,1000,7,1420393857863
src/test/resources/DIMACS/DSJC500.5.clq,10,8,10613570160
src/test/resources/DIMACS/DSJC500.5.clq,100,7,116785408914
src/test/resources/DIMACS/DSJC500.5.clq,1000,6,1178521414358
src/test/resources/DIMACS/MANN_a27.clq,10,2,10513099206
src/test/resources/DIMACS/MANN_a27.clq,100,2,115618053060
src/test/resources/DIMACS/MANN_a27.clq,1000,2,1166625051818
src/test/resources/DIMACS/MANN_a81.clq,10,2,99555541612
src/test/resources/DIMACS/MANN_a81.clq,100,2,1128120761886
src/test/resources/DIMACS/MANN_a81.clq,1000,2,11441710298754
src/test/resources/DIMACS/brock200_2.clq,10,7,10126586461
src/test/resources/DIMACS/brock200_2.clq,100,6,111422850177
src/test/resources/DIMACS/brock200_2.clq,1000,5,1124406018064
src/test/resources/DIMACS/brock200_4.clq,10,4,10161431727
src/test/resources/DIMACS/brock200_4.clq,100,4,111624275758
src/test/resources/DIMACS/brock200_4.clq,1000,4,1125998355530
src/test/resources/DIMACS/brock400_2.clq,10,4,10648490356
src/test/resources/DIMACS/brock400_2.clq,100,3,117232387274
src/test/resources/DIMACS/brock400_2.clq,1000,3,1182758165391
src/test/resources/DIMACS/brock400_4.clq,10,4,10666713210
src/test/resources/DIMACS/brock400_4.clq,100,4,117197428716
src/test/resources/DIMACS/brock400_4.clq,1000,3,1182468353319
src/test/resources/DIMACS/brock800_2.clq,10,6,12643251396
src/test/resources/DIMACS/brock800_2.clq,100,5,138690501811
src/test/resources/DIMACS/brock800_2.clq,1000,5,1399129366100
src/test/resources/DIMACS/brock800_4.clq,10,6,12604471721
src/test/resources/DIMACS/brock800_4.clq,100,5,138693069808
src/test/resources/DIMACS/brock800_4.clq,1000,5,1399884502900
src/test/resources/DIMACS/gen200_p0.9_44.clq,10,2,10163427537
src/test/resources/DIMACS/gen200_p0.9_44.clq,100,2,111793093842
src/test/resources/DIMACS/gen200_p0.9_44.clq,1000,2,1128163806773
src/test/resources/DIMACS/gen200_p0.9_55.clq,10,2,10160392874
src/test/resources/DIMACS/gen200_p0.9_55.clq,100,2,111811005037
src/test/resources/DIMACS/gen200_p0.9_55.clq,1000,2,1128169129877
src/test/resources/DIMACS/gen400_p0.9_55.clq,10,3,10752392654
src/test/resources/DIMACS/gen400_p0.9_55.clq,100,2,118359823475
src/test/resources/DIMACS/gen400_p0.9_55.clq,1000,2,1194426318976
src/test/resources/DIMACS/gen400_p0.9_65.clq,10,2,10790258381
src/test/resources/DIMACS/gen400_p0.9_65.clq,100,2,118428514461
src/test/resources/DIMACS/gen400_p0.9_65.clq,1000,2,1195080593402
src/test/resources/DIMACS/gen400_p0.9_75.clq,10,3,10772977938
src/test/resources/DIMACS/gen400_p0.9_75.clq,100,2,118442846980
src/test/resources/DIMACS/gen400_p0.9_75.clq,1000,2,1194948893318
src/test/resources/DIMACS/hamming10-4.clq,10,8,16443861507
src/test/resources/DIMACS/hamming10-4.clq,100,8,176154771206
src/test/resources/DIMACS/hamming10-4.clq,1000,8,1783516016712
src/test/resources/DIMACS/hamming8-4.clq,10,8,10281688371
src/test/resources/DIMACS/hamming8-4.clq,100,8,112953165763
src/test/resources/DIMACS/hamming8-4.clq,1000,8,1139716779188
src/test/resources/DIMACS/keller4.clq,10,5,10113398582
src/test/resources/DIMACS/keller4.clq,100,4,111157998554
src/test/resources/DIMACS/keller4.clq,1000,4,1121461823283
src/test/resources/DIMACS/keller5.clq,10,14,12215149470
src/test/resources/DIMACS/keller5.clq,100,10,134174189105
src/test/resources/DIMACS/keller5.clq,1000,4,1353670359460
src/test/resources/DIMACS/keller6.clq,10,26,84634618779
src/test/resources/DIMACS/keller6.clq,100,12,845622358795
src/test/resources/DIMACS/keller6.clq,1000,10,8726476687392
src/test/resources/DIMACS/p_hat1500-1.clq,10,35,13712866186
src/test/resources/DIMACS/p_hat1500-1.clq,100,28,147631859809
src/test/resources/DIMACS/p_hat1500-1.clq,1000,27,1486051913143
src/test/resources/DIMACS/p_hat1500-2.clq,10,21,16762554939
src/test/resources/DIMACS/p_hat1500-2.clq,100,17,185067082828
src/test/resources/DIMACS/p_hat1500-2.clq,1000,14,1867251417234
src/test/resources/DIMACS/p_hat1500-3.clq,10,6,19896487981
src/test/resources/DIMACS/p_hat1500-3.clq,100,5,218946315817
src/test/resources/DIMACS/p_hat1500-3.clq,1000,4,2210925597553
src/test/resources/DIMACS/p_hat300-1.clq,10,22,10134395473
src/test/resources/DIMACS/p_hat300-1.clq,100,16,111454910512
src/test/resources/DIMACS/p_hat300-1.clq,1000,15,1124919210115
src/test/resources/DIMACS/p_hat300-2.clq,10,11,10215441134
src/test/resources/DIMACS/p_hat300-2.clq,100,7,112341289968
src/test/resources/DIMACS/p_hat300-2.clq,1000,6,1133806831422
src/test/resources/DIMACS/p_hat300-3.clq,10,4,10308077549
src/test/resources/DIMACS/p_hat300-3.clq,100,3,113503770108
src/test/resources/DIMACS/p_hat300-3.clq,1000,3,1145128307556
src/test/resources/DIMACS/p_hat700-1.clq,10,29,10658123039
src/test/resources/DIMACS/p_hat700-1.clq,100,22,117272255626
src/test/resources/DIMACS/p_hat700-1.clq,1000,20,1182154885599
src/test/resources/DIMACS/p_hat700-2.clq,10,14,11262330889
src/test/resources/DIMACS/p_hat700-2.clq,100,13,124068083025
src/test/resources/DIMACS/p_hat700-2.clq,1000,12,1252064870985
src/test/resources/DIMACS/p_hat700-3.clq,10,5,11856022222
src/test/resources/DIMACS/p_hat700-3.clq,100,5,130288328300
src/test/resources/DIMACS/p_hat700-3.clq,1000,4,1315167200224
7-----------------------
src/test/resources/DIMACS/C1000.9.clq,10,3,15022860847
src/test/resources/DIMACS/C1000.9.clq,100,3,164528608799
src/test/resources/DIMACS/C1000.9.clq,1000,3,1659479036980
src/test/resources/DIMACS/C125.9.clq,10,2,10098134492
src/test/resources/DIMACS/C125.9.clq,100,2,110999733889
src/test/resources/DIMACS/C125.9.clq,1000,2,1119811003609
src/test/resources/DIMACS/C2000.5.clq,10,9,22980345645
src/test/resources/DIMACS/C2000.5.clq,100,9,248945049463
src/test/resources/DIMACS/C2000.5.clq,1000,8,2513549382075
src/test/resources/DIMACS/C2000.9.clq,10,3,32398385050
src/test/resources/DIMACS/C2000.9.clq,100,3,354873226889
src/test/resources/DIMACS/C2000.9.clq,1000,3,3573147620612
src/test/resources/DIMACS/C250.9.clq,10,2,10252643353
src/test/resources/DIMACS/C250.9.clq,100,2,112661469032
src/test/resources/DIMACS/C250.9.clq,1000,2,1136247653921
src/test/resources/DIMACS/C4000.5.clq,10,11,70358076886
src/test/resources/DIMACS/C4000.5.clq,100,9,821539435518
src/test/resources/DIMACS/C4000.5.clq,1000,9,8361753423489
src/test/resources/DIMACS/C500.9.clq,10,3,11055926115
src/test/resources/DIMACS/C500.9.clq,100,3,122211860321
src/test/resources/DIMACS/C500.9.clq,1000,2,1229702990370
src/test/resources/DIMACS/DSJC1000.5.clq,10,9,12806679626
src/test/resources/DIMACS/DSJC1000.5.clq,100,8,140990097572
src/test/resources/DIMACS/DSJC1000.5.clq,1000,7,1422667828302
src/test/resources/DIMACS/DSJC500.5.clq,10,8,10617423582
src/test/resources/DIMACS/DSJC500.5.clq,100,7,116832549400
src/test/resources/DIMACS/DSJC500.5.clq,1000,6,1178351885245
src/test/resources/DIMACS/MANN_a27.clq,10,2,10486748747
src/test/resources/DIMACS/MANN_a27.clq,100,2,115571326713
src/test/resources/DIMACS/MANN_a27.clq,1000,2,1166286744658
src/test/resources/DIMACS/MANN_a81.clq,10,2,104679047537
src/test/resources/DIMACS/MANN_a81.clq,100,2,1136249963950
src/test/resources/DIMACS/MANN_a81.clq,1000,2,11445856385522
src/test/resources/DIMACS/brock200_2.clq,10,6,10127528508
src/test/resources/DIMACS/brock200_2.clq,100,6,111389457161
src/test/resources/DIMACS/brock200_2.clq,1000,5,1124422249304
src/test/resources/DIMACS/brock200_4.clq,10,4,10156165417
src/test/resources/DIMACS/brock200_4.clq,100,4,111553258295
src/test/resources/DIMACS/brock200_4.clq,1000,3,1126009775545
src/test/resources/DIMACS/brock400_2.clq,10,4,10626255176
src/test/resources/DIMACS/brock400_2.clq,100,4,117212116778
src/test/resources/DIMACS/brock400_2.clq,1000,3,1182444848670
src/test/resources/DIMACS/brock400_4.clq,10,4,10643224580
src/test/resources/DIMACS/brock400_4.clq,100,4,117185545845
src/test/resources/DIMACS/brock400_4.clq,1000,3,1182435160192
src/test/resources/DIMACS/brock800_2.clq,10,6,12624983153
src/test/resources/DIMACS/brock800_2.clq,100,5,138764370145
src/test/resources/DIMACS/brock800_2.clq,1000,5,1398974696748
src/test/resources/DIMACS/brock800_4.clq,10,6,12613457526
src/test/resources/DIMACS/brock800_4.clq,100,5,138603961308
src/test/resources/DIMACS/brock800_4.clq,1000,5,1399172143972
src/test/resources/DIMACS/gen200_p0.9_44.clq,10,2,10172014105
src/test/resources/DIMACS/gen200_p0.9_44.clq,100,2,111778190413
src/test/resources/DIMACS/gen200_p0.9_44.clq,1000,2,1128074255308
src/test/resources/DIMACS/gen200_p0.9_55.clq,10,2,10169414846
src/test/resources/DIMACS/gen200_p0.9_55.clq,100,2,111805646318
src/test/resources/DIMACS/gen200_p0.9_55.clq,1000,2,1128175700248
src/test/resources/DIMACS/gen400_p0.9_55.clq,10,2,10755293521
src/test/resources/DIMACS/gen400_p0.9_55.clq,100,2,118454724895
src/test/resources/DIMACS/gen400_p0.9_55.clq,1000,2,1195392709541
src/test/resources/DIMACS/gen400_p0.9_65.clq,10,2,10777357054
src/test/resources/DIMACS/gen400_p0.9_65.clq,100,2,118528979559
src/test/resources/DIMACS/gen400_p0.9_65.clq,1000,2,1196619467390
src/test/resources/DIMACS/gen400_p0.9_75.clq,10,2,10744343041
src/test/resources/DIMACS/gen400_p0.9_75.clq,100,2,118503019282
src/test/resources/DIMACS/gen400_p0.9_75.clq,1000,2,1196773497987
src/test/resources/DIMACS/hamming10-4.clq,10,14,16190498508
src/test/resources/DIMACS/hamming10-4.clq,100,8,176797536447
src/test/resources/DIMACS/hamming10-4.clq,1000,8,1783155522961
src/test/resources/DIMACS/hamming8-4.clq,10,8,10268835559
src/test/resources/DIMACS/hamming8-4.clq,100,8,112993268726
src/test/resources/DIMACS/hamming8-4.clq,1000,8,1139706984632
src/test/resources/DIMACS/keller4.clq,10,8,10107510777
src/test/resources/DIMACS/keller4.clq,100,4,111162107458
src/test/resources/DIMACS/keller4.clq,1000,4,1121444529592
src/test/resources/DIMACS/keller5.clq,10,12,12159034182
src/test/resources/DIMACS/keller5.clq,100,10,133989502570
src/test/resources/DIMACS/keller5.clq,1000,4,1354726615249
src/test/resources/DIMACS/keller6.clq,10,30,81697006370
src/test/resources/DIMACS/keller6.clq,100,12,905269655162
src/test/resources/DIMACS/keller6.clq,1000,11,9231441475514
src/test/resources/DIMACS/p_hat1500-1.clq,10,35,13744256826
src/test/resources/DIMACS/p_hat1500-1.clq,100,30,147598897848
src/test/resources/DIMACS/p_hat1500-1.clq,1000,27,1483434798776
src/test/resources/DIMACS/p_hat1500-2.clq,10,22,16747859487
src/test/resources/DIMACS/p_hat1500-2.clq,100,18,184561026648
src/test/resources/DIMACS/p_hat1500-2.clq,1000,14,1858883686364
src/test/resources/DIMACS/p_hat1500-3.clq,10,5,19723954702
src/test/resources/DIMACS/p_hat1500-3.clq,100,5,218037732864
src/test/resources/DIMACS/p_hat1500-3.clq,1000,4,2198571066046
src/test/resources/DIMACS/p_hat300-1.clq,10,22,10131805446
src/test/resources/DIMACS/p_hat300-1.clq,100,18,111417315115
src/test/resources/DIMACS/p_hat300-1.clq,1000,14,1124234054238
src/test/resources/DIMACS/p_hat300-2.clq,10,9,10228366874
src/test/resources/DIMACS/p_hat300-2.clq,100,9,112281049423
src/test/resources/DIMACS/p_hat300-2.clq,1000,8,1133333593799
src/test/resources/DIMACS/p_hat300-3.clq,10,4,10298564710
src/test/resources/DIMACS/p_hat300-3.clq,100,3,113436325818
src/test/resources/DIMACS/p_hat300-3.clq,1000,3,1144678058458
src/test/resources/DIMACS/p_hat700-1.clq,10,26,10619746167
src/test/resources/DIMACS/p_hat700-1.clq,100,23,117011157376
src/test/resources/DIMACS/p_hat700-1.clq,1000,22,1181079363451
src/test/resources/DIMACS/p_hat700-2.clq,10,16,11255758490
src/test/resources/DIMACS/p_hat700-2.clq,100,14,123900167838
src/test/resources/DIMACS/p_hat700-2.clq,1000,11,1250586245686
src/test/resources/DIMACS/p_hat700-3.clq,10,4,11827392093
src/test/resources/DIMACS/p_hat700-3.clq,100,4,130289355379
src/test/resources/DIMACS/p_hat700-3.clq,1000,4,1313906189893
8-----------------------
src/test/resources/DIMACS/C1000.9.clq,10,3,14954947440
src/test/resources/DIMACS/C1000.9.clq,100,3,164126655385
src/test/resources/DIMACS/C1000.9.clq,1000,3,1655783602701
src/test/resources/DIMACS/C125.9.clq,10,2,10079899246
src/test/resources/DIMACS/C125.9.clq,100,2,110996319757
src/test/resources/DIMACS/C125.9.clq,1000,2,1120024404310
src/test/resources/DIMACS/C2000.5.clq,10,10,22699027765
src/test/resources/DIMACS/C2000.5.clq,100,8,246562919762
src/test/resources/DIMACS/C2000.5.clq,1000,8,2498559300170
src/test/resources/DIMACS/C2000.9.clq,10,3,32433397307
src/test/resources/DIMACS/C2000.9.clq,100,3,352421114937
src/test/resources/DIMACS/C2000.9.clq,1000,3,3552905669828
src/test/resources/DIMACS/C250.9.clq,10,2,10223676969
src/test/resources/DIMACS/C250.9.clq,100,2,112541677145
src/test/resources/DIMACS/C250.9.clq,1000,2,1135438404971
src/test/resources/DIMACS/C4000.5.clq,10,10,70433819189
src/test/resources/DIMACS/C4000.5.clq,100,10,812124407440
src/test/resources/DIMACS/C4000.5.clq,1000,9,8272882715255
src/test/resources/DIMACS/C500.9.clq,10,3,11107193999
src/test/resources/DIMACS/C500.9.clq,100,2,122260902666
src/test/resources/DIMACS/C500.9.clq,1000,2,1228757086328
src/test/resources/DIMACS/DSJC1000.5.clq,10,9,12816309126
src/test/resources/DIMACS/DSJC1000.5.clq,100,8,140706722111
src/test/resources/DIMACS/DSJC1000.5.clq,1000,7,1420173416376
src/test/resources/DIMACS/DSJC500.5.clq,10,8,10611506410
src/test/resources/DIMACS/DSJC500.5.clq,100,7,116759011008
src/test/resources/DIMACS/DSJC500.5.clq,1000,6,1178049342082
src/test/resources/DIMACS/MANN_a27.clq,10,2,10482832156
src/test/resources/DIMACS/MANN_a27.clq,100,2,115588077499
src/test/resources/DIMACS/MANN_a27.clq,1000,2,1166424321515
src/test/resources/DIMACS/MANN_a81.clq,10,2,104134499035
src/test/resources/DIMACS/MANN_a81.clq,100,2,1135388849628
src/test/resources/DIMACS/MANN_a81.clq,1000,2,11412179882925
src/test/resources/DIMACS/brock200_2.clq,10,7,10132272426
src/test/resources/DIMACS/brock200_2.clq,100,6,111904400177
src/test/resources/DIMACS/brock200_2.clq,1000,5,1124423085939
src/test/resources/DIMACS/brock200_4.clq,10,4,10142327340
src/test/resources/DIMACS/brock200_4.clq,100,4,111603283533
src/test/resources/DIMACS/brock200_4.clq,1000,3,1125792356701
src/test/resources/DIMACS/brock400_2.clq,10,4,10620133800
src/test/resources/DIMACS/brock400_2.clq,100,4,116763792643
src/test/resources/DIMACS/brock400_2.clq,1000,3,1180158304623
src/test/resources/DIMACS/brock400_4.clq,10,4,10609211783
src/test/resources/DIMACS/brock400_4.clq,100,4,116753159536
src/test/resources/DIMACS/brock400_4.clq,1000,3,1181205462214
src/test/resources/DIMACS/brock800_2.clq,10,6,12613746199
src/test/resources/DIMACS/brock800_2.clq,100,5,138445270421
src/test/resources/DIMACS/brock800_2.clq,1000,5,1397374597533
src/test/resources/DIMACS/brock800_4.clq,10,6,12599959849
src/test/resources/DIMACS/brock800_4.clq,100,5,138534538576
src/test/resources/DIMACS/brock800_4.clq,1000,5,1397012187704
src/test/resources/DIMACS/gen200_p0.9_44.clq,10,2,10163478385
src/test/resources/DIMACS/gen200_p0.9_44.clq,100,2,111751850234
src/test/resources/DIMACS/gen200_p0.9_44.clq,1000,2,1128106354685
src/test/resources/DIMACS/gen200_p0.9_55.clq,10,2,10152109771
src/test/resources/DIMACS/gen200_p0.9_55.clq,100,2,111765953713
src/test/resources/DIMACS/gen200_p0.9_55.clq,1000,2,1128192007765
src/test/resources/DIMACS/gen400_p0.9_55.clq,10,2,10747805157
src/test/resources/DIMACS/gen400_p0.9_55.clq,100,2,118348459086
src/test/resources/DIMACS/gen400_p0.9_55.clq,1000,2,1194621765842
src/test/resources/DIMACS/gen400_p0.9_65.clq,10,2,10745533987
src/test/resources/DIMACS/gen400_p0.9_65.clq,100,2,118475311003
src/test/resources/DIMACS/gen400_p0.9_65.clq,1000,2,1195361018066
src/test/resources/DIMACS/gen400_p0.9_75.clq,10,3,10757919466
src/test/resources/DIMACS/gen400_p0.9_75.clq,100,2,118391494301
src/test/resources/DIMACS/gen400_p0.9_75.clq,1000,2,1195027606343
src/test/resources/DIMACS/hamming10-4.clq,10,8,16182816754
src/test/resources/DIMACS/hamming10-4.clq,100,8,175577644587
src/test/resources/DIMACS/hamming10-4.clq,1000,8,1780495557417
src/test/resources/DIMACS/hamming8-4.clq,10,8,10264376705
src/test/resources/DIMACS/hamming8-4.clq,100,8,112892872329
src/test/resources/DIMACS/hamming8-4.clq,1000,8,1139503584297
src/test/resources/DIMACS/keller4.clq,10,8,10096311119
src/test/resources/DIMACS/keller4.clq,100,4,111148862880
src/test/resources/DIMACS/keller4.clq,1000,4,1121540408029
src/test/resources/DIMACS/keller5.clq,10,14,12187367256
src/test/resources/DIMACS/keller5.clq,100,9,134113937470
src/test/resources/DIMACS/keller5.clq,1000,4,1354005359875
src/test/resources/DIMACS/keller6.clq,10,20,81840484542
src/test/resources/DIMACS/keller6.clq,100,20,850608115122
src/test/resources/DIMACS/keller6.clq,1000,9,8751070647842
src/test/resources/DIMACS/p_hat1500-1.clq,10,36,13785876761
src/test/resources/DIMACS/p_hat1500-1.clq,100,31,147798754030
src/test/resources/DIMACS/p_hat1500-1.clq,1000,27,1487932986278
src/test/resources/DIMACS/p_hat1500-2.clq,10,14,16890115095
src/test/resources/DIMACS/p_hat1500-2.clq,100,14,185399055226
src/test/resources/DIMACS/p_hat1500-2.clq,1000,14,1870314730304
src/test/resources/DIMACS/p_hat1500-3.clq,10,6,19969992462
src/test/resources/DIMACS/p_hat1500-3.clq,100,5,219550357293
src/test/resources/DIMACS/p_hat1500-3.clq,1000,5,2215474786517
src/test/resources/DIMACS/p_hat300-1.clq,10,22,10125760144
src/test/resources/DIMACS/p_hat300-1.clq,100,18,111515055662
src/test/resources/DIMACS/p_hat300-1.clq,1000,15,1125086794540
src/test/resources/DIMACS/p_hat300-2.clq,10,10,10195092667
src/test/resources/DIMACS/p_hat300-2.clq,100,9,112355236238
src/test/resources/DIMACS/p_hat300-2.clq,1000,6,1133725803123
src/test/resources/DIMACS/p_hat300-3.clq,10,4,10316640762
src/test/resources/DIMACS/p_hat300-3.clq,100,4,113468344789
src/test/resources/DIMACS/p_hat300-3.clq,1000,3,1145384718669
src/test/resources/DIMACS/p_hat700-1.clq,10,24,10643117702
src/test/resources/DIMACS/p_hat700-1.clq,100,23,117096457787
src/test/resources/DIMACS/p_hat700-1.clq,1000,19,1181563307632
src/test/resources/DIMACS/p_hat700-2.clq,10,16,11257946200
src/test/resources/DIMACS/p_hat700-2.clq,100,14,124101691149
src/test/resources/DIMACS/p_hat700-2.clq,1000,11,1251876214175
src/test/resources/DIMACS/p_hat700-3.clq,10,5,11843266273
src/test/resources/DIMACS/p_hat700-3.clq,100,4,130235491588
src/test/resources/DIMACS/p_hat700-3.clq,1000,4,1314597706064
9-----------------------
src/test/resources/DIMACS/C1000.9.clq,10,3,14940716634
src/test/resources/DIMACS/C1000.9.clq,100,3,164608875787
src/test/resources/DIMACS/C1000.9.clq,1000,3,1658908635291
src/test/resources/DIMACS/C125.9.clq,10,2,10069744600
src/test/resources/DIMACS/C125.9.clq,100,2,110940133290
src/test/resources/DIMACS/C125.9.clq,1000,2,1119829008021
src/test/resources/DIMACS/C2000.5.clq,10,9,22787147427
src/test/resources/DIMACS/C2000.5.clq,100,9,248298788401
src/test/resources/DIMACS/C2000.5.clq,1000,8,2507025887852
src/test/resources/DIMACS/C2000.9.clq,10,4,31840984252
src/test/resources/DIMACS/C2000.9.clq,100,3,354445886651
src/test/resources/DIMACS/C2000.9.clq,1000,3,3560975189404
src/test/resources/DIMACS/C250.9.clq,10,2,10229365174
src/test/resources/DIMACS/C250.9.clq,100,2,112582494994
src/test/resources/DIMACS/C250.9.clq,1000,2,1135975987332
src/test/resources/DIMACS/C4000.5.clq,10,10,70488230768
src/test/resources/DIMACS/C4000.5.clq,100,9,819762767598
src/test/resources/DIMACS/C4000.5.clq,1000,9,8093359001854
src/test/resources/DIMACS/C500.9.clq,10,3,11541487124
src/test/resources/DIMACS/C500.9.clq,100,2,121819921047
src/test/resources/DIMACS/C500.9.clq,1000,2,1222730299254
src/test/resources/DIMACS/DSJC1000.5.clq,10,9,12680509520
src/test/resources/DIMACS/DSJC1000.5.clq,100,8,139280825886
src/test/resources/DIMACS/DSJC1000.5.clq,1000,7,1405416143341
src/test/resources/DIMACS/DSJC500.5.clq,10,7,10581017012
src/test/resources/DIMACS/DSJC500.5.clq,100,7,116341505001
src/test/resources/DIMACS/DSJC500.5.clq,1000,6,1173804377689
src/test/resources/DIMACS/MANN_a27.clq,10,2,10487983437
src/test/resources/DIMACS/MANN_a27.clq,100,2,115349982563
src/test/resources/DIMACS/MANN_a27.clq,1000,2,1164156570378
src/test/resources/DIMACS/MANN_a81.clq,10,2,96317549044
src/test/resources/DIMACS/MANN_a81.clq,100,2,1014498699957
src/test/resources/DIMACS/MANN_a81.clq,1000,2,10218489216528
src/test/resources/DIMACS/brock200_2.clq,10,7,10103943793
src/test/resources/DIMACS/brock200_2.clq,100,5,111700167735
src/test/resources/DIMACS/brock200_2.clq,1000,5,1123692226675
src/test/resources/DIMACS/brock200_4.clq,10,4,10157056030
src/test/resources/DIMACS/brock200_4.clq,100,4,111574004913
src/test/resources/DIMACS/brock200_4.clq,1000,3,1125063997182
src/test/resources/DIMACS/brock400_2.clq,10,4,10590831699
src/test/resources/DIMACS/brock400_2.clq,100,4,116463232336
src/test/resources/DIMACS/brock400_2.clq,1000,3,1175417481270
src/test/resources/DIMACS/brock400_4.clq,10,3,10592913685
src/test/resources/DIMACS/brock400_4.clq,100,3,116457071831
src/test/resources/DIMACS/brock400_4.clq,1000,3,1175347147914
src/test/resources/DIMACS/brock800_2.clq,10,5,12358218126
src/test/resources/DIMACS/brock800_2.clq,100,5,136177852370
src/test/resources/DIMACS/brock800_2.clq,1000,5,1373703188824
src/test/resources/DIMACS/brock800_4.clq,10,6,12360471618
src/test/resources/DIMACS/brock800_4.clq,100,5,136059745638
src/test/resources/DIMACS/brock800_4.clq,1000,5,1373789847115
src/test/resources/DIMACS/gen200_p0.9_44.clq,10,2,10153002913
src/test/resources/DIMACS/gen200_p0.9_44.clq,100,2,111672680460
src/test/resources/DIMACS/gen200_p0.9_44.clq,1000,2,1126388232308
src/test/resources/DIMACS/gen200_p0.9_55.clq,10,2,10137001891
src/test/resources/DIMACS/gen200_p0.9_55.clq,100,2,111368527717
src/test/resources/DIMACS/gen200_p0.9_55.clq,1000,2,1126095634633
src/test/resources/DIMACS/gen400_p0.9_55.clq,10,3,10698028164
src/test/resources/DIMACS/gen400_p0.9_55.clq,100,2,117600953550
src/test/resources/DIMACS/gen400_p0.9_55.clq,1000,2,1185082951343
src/test/resources/DIMACS/gen400_p0.9_65.clq,10,3,10682630053
src/test/resources/DIMACS/gen400_p0.9_65.clq,100,2,117461405498
src/test/resources/DIMACS/gen400_p0.9_65.clq,1000,2,1186692409479
src/test/resources/DIMACS/gen400_p0.9_75.clq,10,2,10768590663
src/test/resources/DIMACS/gen400_p0.9_75.clq,100,2,118301830607
src/test/resources/DIMACS/gen400_p0.9_75.clq,1000,2,1193705518914
src/test/resources/DIMACS/hamming10-4.clq,10,8,16746099572
src/test/resources/DIMACS/hamming10-4.clq,100,8,181596513978
src/test/resources/DIMACS/hamming10-4.clq,1000,8,1804720718648
src/test/resources/DIMACS/hamming8-4.clq,10,8,10230594802
src/test/resources/DIMACS/hamming8-4.clq,100,8,112651734044
src/test/resources/DIMACS/hamming8-4.clq,1000,8,1139624498612
src/test/resources/DIMACS/keller4.clq,10,7,10109783199
src/test/resources/DIMACS/keller4.clq,100,6,111191141299
src/test/resources/DIMACS/keller4.clq,1000,4,1119130151021
src/test/resources/DIMACS/keller5.clq,10,14,12207434563
src/test/resources/DIMACS/keller5.clq,100,7,134367616229
src/test/resources/DIMACS/keller5.clq,1000,4,1358651035001
src/test/resources/DIMACS/keller6.clq,10,16,90219369633
src/test/resources/DIMACS/keller6.clq,100,16,920502761812
src/test/resources/DIMACS/keller6.clq,1000,4,9607938250583
src/test/resources/DIMACS/p_hat1500-1.clq,10,32,13765891960
src/test/resources/DIMACS/p_hat1500-1.clq,100,30,149409558048
src/test/resources/DIMACS/p_hat1500-1.clq,1000,26,1511074440725
src/test/resources/DIMACS/p_hat1500-2.clq,10,20,17352988236
src/test/resources/DIMACS/p_hat1500-2.clq,100,18,192058465556
src/test/resources/DIMACS/p_hat1500-2.clq,1000,14,1924306405813
src/test/resources/DIMACS/p_hat1500-3.clq,10,5,20093694345
src/test/resources/DIMACS/p_hat1500-3.clq,100,5,221821613790
src/test/resources/DIMACS/p_hat1500-3.clq,1000,5,2250039733328
src/test/resources/DIMACS/p_hat300-1.clq,10,18,10097629861
src/test/resources/DIMACS/p_hat300-1.clq,100,16,111223158459
src/test/resources/DIMACS/p_hat300-1.clq,1000,16,1122236314811
src/test/resources/DIMACS/p_hat300-2.clq,10,13,10194902734
src/test/resources/DIMACS/p_hat300-2.clq,100,11,112293782841
src/test/resources/DIMACS/p_hat300-2.clq,1000,7,1134155157168
src/test/resources/DIMACS/p_hat300-3.clq,10,5,10369730449
src/test/resources/DIMACS/p_hat300-3.clq,100,3,113814557199
src/test/resources/DIMACS/p_hat300-3.clq,1000,3,1148762085740
src/test/resources/DIMACS/p_hat700-1.clq,10,27,10720525416
src/test/resources/DIMACS/p_hat700-1.clq,100,23,117587787476
src/test/resources/DIMACS/p_hat700-1.clq,1000,21,1188368804763
src/test/resources/DIMACS/p_hat700-2.clq,10,15,11336146950
src/test/resources/DIMACS/p_hat700-2.clq,100,14,125800021966
src/test/resources/DIMACS/p_hat700-2.clq,1000,12,1265085316983
src/test/resources/DIMACS/p_hat700-3.clq,10,5,11955574000
src/test/resources/DIMACS/p_hat700-3.clq,100,4,132413965678
src/test/resources/DIMACS/p_hat700-3.clq,1000,4,1331546416378
10-----------------------
src/test/resources/DIMACS/C1000.9.clq,10,3,15320016347
src/test/resources/DIMACS/C1000.9.clq,100,3,167311136499
src/test/resources/DIMACS/C1000.9.clq,1000,3,1695814510046
src/test/resources/DIMACS/C125.9.clq,10,2,10093101514
src/test/resources/DIMACS/C125.9.clq,100,2,111055763227
src/test/resources/DIMACS/C125.9.clq,1000,2,1120332082240
src/test/resources/DIMACS/C2000.5.clq,10,10,24412362577
src/test/resources/DIMACS/C2000.5.clq,100,8,267360154663
src/test/resources/DIMACS/C2000.5.clq,1000,8,2655049966841
src/test/resources/DIMACS/C2000.9.clq,10,3,33640474319
src/test/resources/DIMACS/C2000.9.clq,100,3,365955694792
src/test/resources/DIMACS/C2000.9.clq,1000,3,3905382576648
src/test/resources/DIMACS/C250.9.clq,10,2,10222400110
src/test/resources/DIMACS/C250.9.clq,100,2,112620083776
src/test/resources/DIMACS/C250.9.clq,1000,2,1137040811981
src/test/resources/DIMACS/C4000.5.clq,10,10,90373149206
src/test/resources/DIMACS/C4000.5.clq,100,10,959898294337
src/test/resources/DIMACS/C4000.5.clq,1000,10,9347410090300
src/test/resources/DIMACS/C500.9.clq,10,3,11719482348
src/test/resources/DIMACS/C500.9.clq,100,2,123250557941
src/test/resources/DIMACS/C500.9.clq,1000,2,1241330267170
src/test/resources/DIMACS/DSJC1000.5.clq,10,9,13199600505
src/test/resources/DIMACS/DSJC1000.5.clq,100,8,142382779982
src/test/resources/DIMACS/DSJC1000.5.clq,1000,8,1439827619678
src/test/resources/DIMACS/DSJC500.5.clq,10,7,10643468240
src/test/resources/DIMACS/DSJC500.5.clq,100,6,117039905423
src/test/resources/DIMACS/DSJC500.5.clq,1000,6,1184398055888
src/test/resources/DIMACS/MANN_a27.clq,10,2,10532615787
src/test/resources/DIMACS/MANN_a27.clq,100,2,115907777126
src/test/resources/DIMACS/MANN_a27.clq,1000,2,1170731189019
src/test/resources/DIMACS/MANN_a81.clq,10,2,114765983111
src/test/resources/DIMACS/MANN_a81.clq,100,2,1256369787091
src/test/resources/DIMACS/MANN_a81.clq,1000,2,12924855787306
src/test/resources/DIMACS/brock200_2.clq,10,7,10134082933
src/test/resources/DIMACS/brock200_2.clq,100,6,112261362053
src/test/resources/DIMACS/brock200_2.clq,1000,5,1125677781264
src/test/resources/DIMACS/brock200_4.clq,10,4,10150114769
src/test/resources/DIMACS/brock200_4.clq,100,4,111695317469
src/test/resources/DIMACS/brock200_4.clq,1000,4,1127195911469
src/test/resources/DIMACS/brock400_2.clq,10,4,10651134528
src/test/resources/DIMACS/brock400_2.clq,100,4,118369046118
src/test/resources/DIMACS/brock400_2.clq,1000,3,1194110457280
src/test/resources/DIMACS/brock400_4.clq,10,4,10791220635
src/test/resources/DIMACS/brock400_4.clq,100,4,118235531284
src/test/resources/DIMACS/brock400_4.clq,1000,3,1188183024449
src/test/resources/DIMACS/brock800_2.clq,10,6,12628901800
src/test/resources/DIMACS/brock800_2.clq,100,5,145677945622
src/test/resources/DIMACS/brock800_2.clq,1000,5,1500424599523
src/test/resources/DIMACS/brock800_4.clq,10,6,13483383173
src/test/resources/DIMACS/brock800_4.clq,100,5,148653057842
src/test/resources/DIMACS/brock800_4.clq,1000,5,1500802884595
src/test/resources/DIMACS/gen200_p0.9_44.clq,10,2,10213448512
src/test/resources/DIMACS/gen200_p0.9_44.clq,100,2,112282679657
src/test/resources/DIMACS/gen200_p0.9_44.clq,1000,2,1132995456050
src/test/resources/DIMACS/gen200_p0.9_55.clq,10,2,10215677277
src/test/resources/DIMACS/gen200_p0.9_55.clq,100,2,112300120704
src/test/resources/DIMACS/gen200_p0.9_55.clq,1000,2,1132937011136
src/test/resources/DIMACS/gen400_p0.9_55.clq,10,3,10949149974
src/test/resources/DIMACS/gen400_p0.9_55.clq,100,2,120340409359
src/test/resources/DIMACS/gen400_p0.9_55.clq,1000,2,1214920296900
src/test/resources/DIMACS/gen400_p0.9_65.clq,10,2,11027819308
src/test/resources/DIMACS/gen400_p0.9_65.clq,100,2,121125354669
src/test/resources/DIMACS/gen400_p0.9_65.clq,1000,2,1221992909372
src/test/resources/DIMACS/gen400_p0.9_75.clq,10,2,11028582937
src/test/resources/DIMACS/gen400_p0.9_75.clq,100,2,121132374039
src/test/resources/DIMACS/gen400_p0.9_75.clq,1000,2,1223038594147
src/test/resources/DIMACS/hamming10-4.clq,10,8,19974965695
src/test/resources/DIMACS/hamming10-4.clq,100,8,215150971665
src/test/resources/DIMACS/hamming10-4.clq,1000,8,2172311543755
src/test/resources/DIMACS/hamming8-4.clq,10,8,10275479689
src/test/resources/DIMACS/hamming8-4.clq,100,8,113032902068
src/test/resources/DIMACS/hamming8-4.clq,1000,8,1141158992551
src/test/resources/DIMACS/keller4.clq,10,4,10098671229
src/test/resources/DIMACS/keller4.clq,100,4,111080848020
src/test/resources/DIMACS/keller4.clq,1000,4,1121387206180
src/test/resources/DIMACS/keller5.clq,10,10,12701174801
src/test/resources/DIMACS/keller5.clq,100,4,139717496956
src/test/resources/DIMACS/keller5.clq,1000,4,1409578708536
src/test/resources/DIMACS/keller6.clq,10,32,113510449649
src/test/resources/DIMACS/keller6.clq,100,14,1203359312618
src/test/resources/DIMACS/keller6.clq,1000,4,11835163568224
src/test/resources/DIMACS/p_hat1500-1.clq,10,34,14580803905
src/test/resources/DIMACS/p_hat1500-1.clq,100,30,158038103587
src/test/resources/DIMACS/p_hat1500-1.clq,1000,26,1575945016460
src/test/resources/DIMACS/p_hat1500-2.clq,10,20,18308407674
src/test/resources/DIMACS/p_hat1500-2.clq,100,16,202125810534
src/test/resources/DIMACS/p_hat1500-2.clq,1000,16,2024279725460
src/test/resources/DIMACS/p_hat1500-3.clq,10,6,23226797833
src/test/resources/DIMACS/p_hat1500-3.clq,100,5,256413244304
src/test/resources/DIMACS/p_hat1500-3.clq,1000,4,2547779411789
src/test/resources/DIMACS/p_hat300-1.clq,10,20,10164220863
src/test/resources/DIMACS/p_hat300-1.clq,100,16,111897744742
src/test/resources/DIMACS/p_hat300-1.clq,1000,16,1128878480718
src/test/resources/DIMACS/p_hat300-2.clq,10,10,10291023111
src/test/resources/DIMACS/p_hat300-2.clq,100,7,113229591888
src/test/resources/DIMACS/p_hat300-2.clq,1000,6,1142609501341
src/test/resources/DIMACS/p_hat300-3.clq,10,4,10398009179
src/test/resources/DIMACS/p_hat300-3.clq,100,4,114298698973
src/test/resources/DIMACS/p_hat300-3.clq,1000,3,1154198435593
src/test/resources/DIMACS/p_hat700-1.clq,10,26,10847601899
src/test/resources/DIMACS/p_hat700-1.clq,100,24,119266388278
src/test/resources/DIMACS/p_hat700-1.clq,1000,19,1203010019894
src/test/resources/DIMACS/p_hat700-2.clq,10,14,11614133767
src/test/resources/DIMACS/p_hat700-2.clq,100,12,127510913346
src/test/resources/DIMACS/p_hat700-2.clq,1000,11,1284766034132
src/test/resources/DIMACS/p_hat700-3.clq,10,5,12216663776
src/test/resources/DIMACS/p_hat700-3.clq,100,4,134545611934
src/test/resources/DIMACS/p_hat700-3.clq,1000,4,1356196616141
